ID,Parent,Subject,Page Label,Comments,Author,Date,Status,Color,Layer,Space,GroupID,Page Index,Lock,Checkmark,Creation Date,X,Y,X Center,Y Center,Document Width,Document Height,Length,Length Unit,Width,Width Unit,Height,Height Unit,Rise/Drop,Rise/Drop Unit,Unit,Area,Area Unit,Wall Area,Wall Area Unit,Depth,Depth Unit,Volume,Volume Unit,Count,Measurement,Measurement Unit,Label,Capture,File Name
,,[4] A-0.5a-SITE PLAN AND ACCESSIBLE PATH OF TRAVEL-A-0.5A (47),,,,,,,,,3,,,,,,,,,,,2100.63,in,,,,,,,,,,,,,,,,,0,Count,,,
XAWVXFWFZJITDYRB,,Polygon,[4] A-0.5a-SITE PLAN AND ACCESSIBLE PATH OF TRAVEL-A-0.5A,,eddabed,11/11/2025 03:09:06,,#0080FF,Contract area,,,4,Unlocked,Unchecked,10/3/2025 03:15:20,9.2442 in,12.8823 in,14.2112 in,15.6937 in,9.9340 in,5.6229 in,0,,0,,0,,0,,Count,0,,0,,,,0,,0,1,Count,,No,EM 1111.pdf
PVRTXJQQQWAJFNCL,,Polygon,[4] A-0.5a-SITE PLAN AND ACCESSIBLE PATH OF TRAVEL-A-0.5A,,eddabed,11/11/2025 03:09:06,,#0080FF,Accessible Spaces,,,4,Unlocked,Unchecked,10/3/2025 03:24:11,9.2477 in,17.1064 in,12.2741 in,17.7390 in,6.0528 in,1.2651 in,0,,0,,0,,0,,Count,0,,0,,,,0,,0,1,Count,,No,EM 1111.pdf
ECNTPMRJJLEFARLZ,,Polygon,[4] A-0.5a-SITE PLAN AND ACCESSIBLE PATH OF TRAVEL-A-0.5A,,eddabed,11/11/2025 03:09:06,,#0080FF,Accessible Spaces,,,4,Unlocked,Unchecked,10/3/2025 03:25:56,15.3509 in,12.9177 in,17.2731 in,15.7182 in,3.8445 in,5.6010 in,0,,0,,0,,0,,Count,0,,0,,,,0,,0,1,Count,,No,EM 1111.pdf
EJUMFGINCYMIFFHR,,Polygon,[4] A-0.5a-SITE PLAN AND ACCESSIBLE PATH OF TRAVEL-A-0.5A,,eddabed,11/11/2025 03:09:06,,#0080FF,Accessible Route,,,4,Unlocked,Unchecked,10/3/2025 03:29:22,11.1824 in,13.3926 in,14.5392 in,16.0375 in,6.7136 in,5.2899 in,0,,0,,0,,0,,Count,0,,0,,,,0,,0,1,Count,,No,EM 1111.pdf
PAQWDWHRCERQJSBM,,Text Box,[4] A-0.5a-SITE PLAN AND ACCESSIBLE PATH OF TRAVEL-A-0.5A,Accessible Entrance,eddabed,11/11/2025 03:09:06,,#0080FF,Accessible Route,,,4,Unlocked,Unchecked,10/3/2025 03:31:32,16.2053 in,17.3898 in,16.7577 in,17.5739 in,1.1047 in,0.3682 in,0,,0,,0,,0,,Count,0,,0,,,,0,,0,1,Count,,No,EM 1111.pdf
ZGYAORLIESPFFFUB,,Length Measurement,[4] A-0.5a-SITE PLAN AND ACCESSIBLE PATH OF TRAVEL-A-0.5A,54.93 in,eddabed,11/11/2025 03:09:06,,#0080FF,Accessible Route,,,4,Unlocked,Unchecked,10/3/2025 03:32:11,16.6058 in,16.6495 in,16.6084 in,16.3722 in,,,54.93,in,0,,0,,0,,in,0,,0,,0,in,0,,0,54.93,in,Width,No,EM 1111.pdf
QNUHHTRGXHFJIZOK,,Group,[4] A-0.5a-SITE PLAN AND ACCESSIBLE PATH OF TRAVEL-A-0.5A,,eddabed,11/11/2025 16:50:05,,#FF0000,Doors,,1,4,Unlocked,Unchecked,10/3/2025 04:01:07,15.6964 in,17.1609 in,16.2840 in,17.6975 in,1.1753 in,1.0732 in,326.86,in,0,in,0,in,0,in,Count,0,sf,0,sf,,,0,cu ft,0,27.24,in,,No,EM 1111.pdf
YPDELVPJCJJRGTXK,,Rectangle,[4] A-0.5a-SITE PLAN AND ACCESSIBLE PATH OF TRAVEL-A-0.5A,,eddabed,11/11/2025 03:09:36,,#0080FF,Parking,,,4,Unlocked,Unchecked,10/3/2025 04:05:08,15.9969 in,13.9132 in,17.6990 in,14.4301 in,3.4043 in,1.0338 in,0,,0,,0,,0,,Count,0,,0,,,,0,,0,1,Count,,No,EM 1111.pdf
QZFYUQDNDIQPKCRV,,Rectangle,[4] A-0.5a-SITE PLAN AND ACCESSIBLE PATH OF TRAVEL-A-0.5A,,eddabed,11/11/2025 03:09:36,,#0080FF,Parking,,,4,Unlocked,Unchecked,10/3/2025 04:05:15,16.0073 in,14.9888 in,17.6990 in,15.5161 in,3.3834 in,1.0547 in,0,,0,,0,,0,,Count,0,,0,,,,0,,0,1,Count,,No,EM 1111.pdf
WETSHPGRVLMNJFTK,,Rectangle,[4] A-0.5a-SITE PLAN AND ACCESSIBLE PATH OF TRAVEL-A-0.5A,,eddabed,11/11/2025 03:09:36,,#0080FF,Parking,,,4,Unlocked,Unchecked,10/3/2025 04:05:39,21.4339 in,19.8251 in,23.1256 in,20.3030 in,3.3834 in,0.9557 in,0,,0,,0,,0,,Count,0,,0,,,,0,,0,1,Count,,No,EM 1111.pdf
WVGYNJUHQFYFKJXS,,Rectangle,[4] A-0.5a-SITE PLAN AND ACCESSIBLE PATH OF TRAVEL-A-0.5A,,eddabed,11/11/2025 03:09:36,,#0080FF,Parking,,,4,Unlocked,Unchecked,10/3/2025 04:05:48,21.4240 in,18.8117 in,23.1158 in,19.2895 in,3.3834 in,0.9557 in,0,,0,,0,,0,,Count,0,,0,,,,0,,0,1,Count,,No,EM 1111.pdf
ZVGPRAAQSOVVCGSK,,Rectangle,[4] A-0.5a-SITE PLAN AND ACCESSIBLE PATH OF TRAVEL-A-0.5A,,eddabed,11/11/2025 03:09:36,,#0080FF,Parking,,,4,Unlocked,Unchecked,10/3/2025 04:05:52,21.3919 in,17.4679 in,23.0836 in,17.9873 in,3.3834 in,1.0387 in,0,,0,,0,,0,,Count,0,,0,,,,0,,0,1,Count,,No,EM 1111.pdf
HWNLTUDJSGEPXILD,,Rectangle,[4] A-0.5a-SITE PLAN AND ACCESSIBLE PATH OF TRAVEL-A-0.5A,,eddabed,11/11/2025 03:09:36,,#0080FF,Parking,,,4,Unlocked,Unchecked,10/3/2025 04:05:58,21.3986 in,16.3490 in,23.0904 in,16.8949 in,3.3834 in,1.0917 in,0,,0,,0,,0,,Count,0,,0,,,,0,,0,1,Count,,No,EM 1111.pdf
HMPYDXQUGVMEFPPM,,Rectangle,[4] A-0.5a-SITE PLAN AND ACCESSIBLE PATH OF TRAVEL-A-0.5A,,eddabed,11/11/2025 03:09:36,,#0080FF,Parking,,,4,Unlocked,Unchecked,10/3/2025 04:06:03,21.4240 in,15.0216 in,23.1157 in,15.5575 in,3.3834 in,1.0719 in,0,,0,,0,,0,,Count,0,,0,,,,0,,0,1,Count,,No,EM 1111.pdf
KUPRVPVZWCUBLMUX,,Rectangle,[4] A-0.5a-SITE PLAN AND ACCESSIBLE PATH OF TRAVEL-A-0.5A,,eddabed,11/11/2025 03:09:36,,#0080FF,Parking,,,4,Unlocked,Unchecked,10/3/2025 04:06:08,21.4140 in,13.9020 in,23.1058 in,14.4399 in,3.3834 in,1.0758 in,0,,0,,0,,0,,Count,0,,0,,,,0,,0,1,Count,,No,EM 1111.pdf
RXOEGOFRQCTEEZPN,,Rectangle,[4] A-0.5a-SITE PLAN AND ACCESSIBLE PATH OF TRAVEL-A-0.5A,,eddabed,11/11/2025 03:09:36,,#0080FF,Parking,,,4,Unlocked,Unchecked,10/3/2025 04:06:25,21.4086 in,12.7175 in,23.1003 in,13.1867 in,3.3834 in,0.9384 in,0,,0,,0,,0,,Count,0,,0,,,,0,,0,1,Count,,No,EM 1111.pdf
KBJWUEJFJKBTCRXH,,Rectangle,[4] A-0.5a-SITE PLAN AND ACCESSIBLE PATH OF TRAVEL-A-0.5A,,eddabed,11/11/2025 03:09:36,,#0080FF,Parking,,,4,Unlocked,Unchecked,10/3/2025 04:06:31,21.3932 in,11.7484 in,23.0849 in,12.2176 in,3.3834 in,0.9384 in,0,,0,,0,,0,,Count,0,,0,,,,0,,0,1,Count,,No,EM 1111.pdf
RCTIYEBURDSHTPON,,Rectangle,[4] A-0.5a-SITE PLAN AND ACCESSIBLE PATH OF TRAVEL-A-0.5A,,eddabed,11/11/2025 03:09:36,,#0080FF,Parking,,,4,Unlocked,Unchecked,10/3/2025 04:06:35,23.7488 in,11.4838 in,25.0927 in,11.9529 in,2.6878 in,0.9384 in,0,,0,,0,,0,,Count,0,,0,,,,0,,0,1,Count,,No,EM 1111.pdf
CAZSPINSZFCJTGKM,,Rectangle,[4] A-0.5a-SITE PLAN AND ACCESSIBLE PATH OF TRAVEL-A-0.5A,,eddabed,11/11/2025 03:09:36,,#0080FF,Parking,,,4,Unlocked,Unchecked,10/3/2025 04:06:48,22.6727 in,11.4838 in,24.0207 in,11.9848 in,2.6961 in,1.0021 in,0,,0,,0,,0,,Count,0,,0,,,,0,,0,1,Count,,No,EM 1111.pdf
CNDOTCKETJHAYHVW,,Rectangle,[4] A-0.5a-SITE PLAN AND ACCESSIBLE PATH OF TRAVEL-A-0.5A,,eddabed,11/11/2025 03:09:36,,#0080FF,Parking,,,4,Unlocked,Unchecked,10/3/2025 04:07:03,21.6112 in,11.4792 in,22.9544 in,11.9802 in,2.6864 in,1.0020 in,0,,0,,0,,0,,Count,0,,0,,,,0,,0,1,Count,,No,EM 1111.pdf
AGTWUOPWIBYDCLFB,,Rectangle,[4] A-0.5a-SITE PLAN AND ACCESSIBLE PATH OF TRAVEL-A-0.5A,,eddabed,11/11/2025 03:09:36,,#0080FF,Parking,,,4,Unlocked,Unchecked,10/3/2025 04:07:20,20.4290 in,11.4768 in,21.7771 in,11.9193 in,2.6961 in,0.8850 in,0,,0,,0,,0,,Count,0,,0,,,,0,,0,1,Count,,No,EM 1111.pdf
WUZQSIKLOEXVPHTV,,Rectangle,[4] A-0.5a-SITE PLAN AND ACCESSIBLE PATH OF TRAVEL-A-0.5A,,eddabed,11/11/2025 03:09:36,,#0080FF,Parking,,,4,Unlocked,Unchecked,10/3/2025 04:07:20,19.4902 in,11.4658 in,20.8302 in,11.9055 in,2.6800 in,0.8794 in,0,,0,,0,,0,,Count,0,,0,,,,0,,0,1,Count,,No,EM 1111.pdf
WPOXOLVCYQMILXPG,,Rectangle,[4] A-0.5a-SITE PLAN AND ACCESSIBLE PATH OF TRAVEL-A-0.5A,,eddabed,11/11/2025 03:09:36,,#0080FF,Parking,,,4,Unlocked,Unchecked,10/3/2025 04:07:34,17.6481 in,10.5542 in,18.0809 in,11.8942 in,0.8656 in,2.6799 in,0,,0,,0,,0,,Count,0,,0,,,,0,,0,1,Count,,No,EM 1111.pdf
MCPJLXEOPQXOHFDR,,Rectangle,[4] A-0.5a-SITE PLAN AND ACCESSIBLE PATH OF TRAVEL-A-0.5A,,eddabed,11/11/2025 03:09:36,,#0080FF,Parking,,,4,Unlocked,Unchecked,10/3/2025 04:07:39,17.1453 in,11.4614 in,18.4852 in,11.9596 in,2.6800 in,0.9962 in,0,,0,,0,,0,,Count,0,,0,,,,0,,0,1,Count,,No,EM 1111.pdf
ZKJRPJSIAOXBDSPX,,Rectangle,[4] A-0.5a-SITE PLAN AND ACCESSIBLE PATH OF TRAVEL-A-0.5A,,eddabed,11/11/2025 03:09:36,,#0080FF,Parking,,,4,Unlocked,Unchecked,10/3/2025 04:07:48,16.0885 in,11.4623 in,17.4284 in,11.9604 in,2.6800 in,0.9962 in,0,,0,,0,,0,,Count,0,,0,,,,0,,0,1,Count,,No,EM 1111.pdf
UNNOQINHPZARPMJI,,Rectangle,[4] A-0.5a-SITE PLAN AND ACCESSIBLE PATH OF TRAVEL-A-0.5A,,eddabed,11/11/2025 03:09:36,,#0080FF,Parking,,,4,Unlocked,Unchecked,10/3/2025 04:07:52,14.7095 in,11.4759 in,16.0646 in,11.9740 in,2.7101 in,0.9962 in,0,,0,,0,,0,,Count,0,,0,,,,0,,0,1,Count,,No,EM 1111.pdf
ZLAFCNGVDBAUNAVJ,,Rectangle,[4] A-0.5a-SITE PLAN AND ACCESSIBLE PATH OF TRAVEL-A-0.5A,,eddabed,11/11/2025 03:09:36,,#0080FF,Parking,,,4,Unlocked,Unchecked,10/3/2025 04:08:06,13.6316 in,11.4869 in,14.9867 in,11.9971 in,2.7101 in,1.0204 in,0,,0,,0,,0,,Count,0,,0,,,,0,,0,1,Count,,No,EM 1111.pdf
QHCXGREQLZMOITVE,,Rectangle,[4] A-0.5a-SITE PLAN AND ACCESSIBLE PATH OF TRAVEL-A-0.5A,,eddabed,11/11/2025 03:09:36,,#0080FF,Parking,,,4,Unlocked,Unchecked,10/3/2025 04:08:15,12.2512 in,11.4707 in,13.6063 in,11.9809 in,2.7101 in,1.0204 in,0,,0,,0,,0,,Count,0,,0,,,,0,,0,1,Count,,No,EM 1111.pdf
SFCQSWDZHMNAIQRM,,Rectangle,[4] A-0.5a-SITE PLAN AND ACCESSIBLE PATH OF TRAVEL-A-0.5A,,eddabed,11/11/2025 03:09:36,,#0080FF,Parking,,,4,Unlocked,Unchecked,10/3/2025 04:08:42,11.1869 in,11.4705 in,12.5420 in,11.9807 in,2.7101 in,1.0204 in,0,,0,,0,,0,,Count,0,,0,,,,0,,0,1,Count,,No,EM 1111.pdf
PVIUQJKNEKNLAEEK,,Text Box,[4] A-0.5a-SITE PLAN AND ACCESSIBLE PATH OF TRAVEL-A-0.5A,"2 accessible spaces, 20 regular spaces",eddabed,11/11/2025 03:09:36,,#000080,Parking,,,4,Unlocked,Unchecked,10/3/2025 04:09:13,17.3196 in,14.0090 in,18.0876 in,14.3395 in,1.5360 in,0.6611 in,0,,0,,0,,0,,Count,0,,0,,,,0,,0,1,Count,,No,EM 1111.pdf
HUMKDFPJNKDYZZTF,,Length Measurement,[4] A-0.5a-SITE PLAN AND ACCESSIBLE PATH OF TRAVEL-A-0.5A,36.20 in,eddabed,11/11/2025 03:09:36,,#0080FF,Parking,,,4,Unlocked,Unchecked,10/3/2025 04:09:46,17.8019 in,14.6491 in,17.9846 in,14.6500 in,,,36.2,in,0,,0,,0,,in,0,,0,,0,in,0,,0,36.2,in,Symbol Height,No,EM 1111.pdf
VVEQAJWNPUVDZAWX,,Length Measurement,[4] A-0.5a-SITE PLAN AND ACCESSIBLE PATH OF TRAVEL-A-0.5A,36.48 in,eddabed,11/11/2025 03:09:36,,#0080FF,Parking,,,4,Unlocked,Unchecked,10/3/2025 04:10:10,17.8032 in,15.3748 in,17.9874 in,15.3742 in,,,36.48,in,0,,0,,0,,in,0,,0,,0,in,0,,0,36.48,in,Symbol Height,No,EM 1111.pdf
HEVPKFNDYOKDKXJB,,Length Measurement,[4] A-0.5a-SITE PLAN AND ACCESSIBLE PATH OF TRAVEL-A-0.5A,101.56 in,eddabed,11/11/2025 03:09:36,,#0080FF,Parking,,,4,Unlocked,Unchecked,10/3/2025 04:10:27,16.0043 in,14.9346 in,16.0043 in,14.4220 in,,,101.56,in,0,,0,,0,,in,0,,0,,0,in,0,,0,101.56,in,Space Height,No,EM 1111.pdf
VMVMFGUAFRXBTQLQ,,Length Measurement,[4] A-0.5a-SITE PLAN AND ACCESSIBLE PATH OF TRAVEL-A-0.5A,103.81 in,eddabed,11/11/2025 03:09:36,,#0080FF,Parking,,,4,Unlocked,Unchecked,10/3/2025 04:10:48,16.0151 in,16.0360 in,16.0167 in,15.5120 in,,,103.81,in,0,,0,,0,,in,0,,0,,0,in,0,,0,103.81,in,Space Height,No,EM 1111.pdf
BDGBCVPGSWIXEVWS,,Length Measurement,[4] A-0.5a-SITE PLAN AND ACCESSIBLE PATH OF TRAVEL-A-0.5A,336.58 in,eddabed,11/11/2025 03:09:36,,#0080FF,Parking,,,4,Unlocked,Unchecked,10/3/2025 04:11:05,16.0004 in,13.9035 in,17.6993 in,13.9035 in,,,336.58,in,0,,0,,0,,in,0,,0,,0,in,0,,0,336.58,in,Length,No,EM 1111.pdf
BSPNCOGUSFOFZVUO,,Length Measurement,[4] A-0.5a-SITE PLAN AND ACCESSIBLE PATH OF TRAVEL-A-0.5A,334.37 in,eddabed,11/11/2025 03:09:36,,#0080FF,Parking,,,4,Unlocked,Unchecked,10/3/2025 04:11:18,16.0116 in,16.0383 in,17.6993 in,16.0411 in,,,334.37,in,0,,0,,0,,in,0,,0,,0,in,0,,0,334.37,in,Length,No,EM 1111.pdf
XXHKOTSTFLKUCJTO,,Group,[4] A-0.5a-SITE PLAN AND ACCESSIBLE PATH OF TRAVEL-A-0.5A,,eddabed,11/11/2025 16:50:14,,#400040,Doors,,2,4,Unlocked,Unchecked,10/3/2025 04:16:31,14.5763 in,16.8483 in,15.4071 in,17.4283 in,1.6616 in,1.1600 in,242.76,in,0,in,0,in,0,in,Count,0,sf,0,sf,,,0,cu ft,0,20.23,in,,No,EM 1111.pdf
LVRBKVBETBHTPCLV,,Length Measurement,[4] A-0.5a-SITE PLAN AND ACCESSIBLE PATH OF TRAVEL-A-0.5A,41.50 in,eddabed,11/11/2025 03:09:36,,#0080FF,Elevators,,,4,Unlocked,Unchecked,10/3/2025 04:19:48,11.4783 in,17.0600 in,11.6878 in,17.0600 in,,,41.5,in,0,,0,,0,,in,0,,0,,0,in,0,,0,41.5,in,Door Width,No,EM 1111.pdf
FNYLXWTEDOSEVFKH,,Length Measurement,[4] A-0.5a-SITE PLAN AND ACCESSIBLE PATH OF TRAVEL-A-0.5A,41.50 in,eddabed,11/11/2025 03:09:36,,#0080FF,Elevators,,,4,Unlocked,Unchecked,10/3/2025 04:19:53,12.5336 in,17.0600 in,12.7431 in,17.0600 in,,,41.5,in,0,,0,,0,,in,0,,0,,0,in,0,,0,41.5,in,Door Width,No,EM 1111.pdf
TGESYQBXNRAMNQBK,,Length Measurement,[4] A-0.5a-SITE PLAN AND ACCESSIBLE PATH OF TRAVEL-A-0.5A,42.08 in,eddabed,11/11/2025 03:09:36,,#0080FF,Elevators,,,4,Unlocked,Unchecked,10/3/2025 04:20:02,10.9557 in,18.4234 in,11.1681 in,18.4252 in,,,42.08,in,0,,0,,0,,in,0,,0,,0,in,0,,0,42.08,in,Door Width,No,EM 1111.pdf
HQXDTNWPOTBPBTGU,,Length Measurement,[4] A-0.5a-SITE PLAN AND ACCESSIBLE PATH OF TRAVEL-A-0.5A,60.98 in,eddabed,11/11/2025 03:09:36,,#0080FF,Elevators,,,4,Unlocked,Unchecked,10/3/2025 04:20:07,11.9024 in,18.4270 in,12.2102 in,18.4306 in,,,60.98,in,0,,0,,0,,in,0,,0,,0,in,0,,0,60.98,in,Door Width,No,EM 1111.pdf
ZPMMKQFMVJVGATZG,,Length Measurement,[4] A-0.5a-SITE PLAN AND ACCESSIBLE PATH OF TRAVEL-A-0.5A,41.01 in,eddabed,11/11/2025 03:09:36,,#0080FF,Elevators,,,4,Unlocked,Unchecked,10/3/2025 04:20:12,13.0471 in,18.4342 in,13.2541 in,18.4378 in,,,41.01,in,0,,0,,0,,in,0,,0,,0,in,0,,0,41.01,in,Door Width,No,EM 1111.pdf
ESGNVKVJVXQZTTAB,,Length Measurement,[4] A-0.5a-SITE PLAN AND ACCESSIBLE PATH OF TRAVEL-A-0.5A,60.00 in,eddabed,11/11/2025 03:09:36,,#0080FF,Elevators,,,4,Unlocked,Unchecked,10/3/2025 04:24:19,11.4560 in,17.6468 in,11.4567 in,17.3440 in,,,60,in,0,,0,,0,,in,0,,0,,0,in,0,,0,60,in,Front clearance,No,EM 1111.pdf
CEVPZPDKYVEQKAOI,,Length Measurement,[4] A-0.5a-SITE PLAN AND ACCESSIBLE PATH OF TRAVEL-A-0.5A,60.00 in,eddabed,11/11/2025 03:09:36,,#0080FF,Elevators,,,4,Unlocked,Unchecked,10/3/2025 04:26:49,12.5070 in,17.6460 in,12.5107 in,17.3432 in,,,60,in,0,,0,,0,,in,0,,0,,0,in,0,,0,60,in,Front clearance,No,EM 1111.pdf
IADSRRMOXKOWWMEN,,Length Measurement,[4] A-0.5a-SITE PLAN AND ACCESSIBLE PATH OF TRAVEL-A-0.5A,60.00 in,eddabed,11/11/2025 03:09:36,,#0080FF,Elevators,,,4,Unlocked,Unchecked,10/3/2025 04:27:21,11.8891 in,18.4084 in,11.8928 in,18.1056 in,,,60,in,0,,0,,0,,in,0,,0,,0,in,0,,0,60,in,Front clearance,No,EM 1111.pdf
ANCXIMSSMKVPHVON,,Length Measurement,[4] A-0.5a-SITE PLAN AND ACCESSIBLE PATH OF TRAVEL-A-0.5A,60.00 in,eddabed,11/11/2025 03:09:36,,#0080FF,Elevators,,,4,Unlocked,Unchecked,10/3/2025 04:27:27,10.9342 in,18.4042 in,10.9379 in,18.1014 in,,,60,in,0,,0,,0,,in,0,,0,,0,in,0,,0,60,in,Front clearance,No,EM 1111.pdf
RDATOUSSKVAFKPFH,,Length Measurement,[4] A-0.5a-SITE PLAN AND ACCESSIBLE PATH OF TRAVEL-A-0.5A,60.00 in,eddabed,11/11/2025 03:09:36,,#0080FF,Elevators,,,4,Unlocked,Unchecked,10/3/2025 04:27:34,13.0241 in,18.4042 in,13.0278 in,18.1014 in,,,60,in,0,,0,,0,,in,0,,0,,0,in,0,,0,60,in,Front clearance,No,EM 1111.pdf
,,[5] A-0.5b-SITE PLAN AND ACCESSIBLE PATH OF TRAVEL-A-0.5b (45),,,,,,,,,137,,,,,,,,,,,1445.35,in,,,,,,,,,,,,,,,,,1,Count,,,
KNIRKZYRDYOKNDNX,,Polygon,[5] A-0.5b-SITE PLAN AND ACCESSIBLE PATH OF TRAVEL-A-0.5b,,eddabed,11/11/2025 03:09:06,,#0080FF,Accessible Spaces,,,5,Unlocked,Unchecked,10/3/2025 03:35:19,24.3585 in,5.0124 in,25.7194 in,6.4223 in,2.7217 in,2.8198 in,0,,0,,0,,0,,Count,0,,0,,,,0,,0,1,Count,,No,EM 1111.pdf
ZVYNIUBFYKKPEBNQ,,Polygon,[5] A-0.5b-SITE PLAN AND ACCESSIBLE PATH OF TRAVEL-A-0.5b,,eddabed,11/11/2025 03:09:06,,#0080FF,Accessible Spaces,,,5,Unlocked,Unchecked,10/3/2025 03:36:55,21.7545 in,3.2865 in,26.6064 in,7.4619 in,9.7037 in,8.3509 in,0,,0,,0,,0,,Count,0,,0,,,,0,,0,1,Count,,No,EM 1111.pdf
JSAFSGKWHGGLFHPH,,Polygon,[5] A-0.5b-SITE PLAN AND ACCESSIBLE PATH OF TRAVEL-A-0.5b,,eddabed,11/11/2025 03:09:06,,#0080FF,Accessible Spaces,,,5,Unlocked,Unchecked,10/3/2025 03:37:39,24.3469 in,5.0337 in,25.7078 in,6.4436 in,2.7217 in,2.8198 in,0,,0,,0,,0,,Count,0,,0,,,,0,,0,1,Count,,No,EM 1111.pdf
KHXEZDQDLNCWTZMB,,Polygon,[5] A-0.5b-SITE PLAN AND ACCESSIBLE PATH OF TRAVEL-A-0.5b,,eddabed,11/11/2025 03:09:06,,#0080FF,Accessible Spaces,,,5,Unlocked,Unchecked,10/3/2025 03:37:39,21.7429 in,3.3077 in,26.5948 in,7.4832 in,9.7037 in,8.3509 in,0,,0,,0,,0,,Count,0,,0,,,,0,,0,1,Count,,No,EM 1111.pdf
OIFUUSRFXEDHEIWH,,Polygon,[5] A-0.5b-SITE PLAN AND ACCESSIBLE PATH OF TRAVEL-A-0.5b,,eddabed,11/11/2025 03:09:06,,#0080FF,Contract area,,,5,Unlocked,Unchecked,10/3/2025 03:39:49,24.3828 in,5.0383 in,25.7436 in,6.4482 in,2.7217 in,2.8198 in,0,,0,,0,,0,,Count,0,,0,,,,0,,0,1,Count,,No,EM 1111.pdf
GFSXCRDUWZFVOMLW,,Polygon,[5] A-0.5b-SITE PLAN AND ACCESSIBLE PATH OF TRAVEL-A-0.5b,,eddabed,11/11/2025 03:09:06,,#0080FF,Contract area,,,5,Unlocked,Unchecked,10/3/2025 03:39:49,21.7788 in,3.3123 in,26.6306 in,7.4878 in,9.7037 in,8.3509 in,0,,0,,0,,0,,Count,0,,0,,,,0,,0,1,Count,,No,EM 1111.pdf
KBHBJWGEUKTWJYXP,,Polygon,[5] A-0.5b-SITE PLAN AND ACCESSIBLE PATH OF TRAVEL-A-0.5b,,eddabed,11/11/2025 03:09:06,,#0080FF,Accessible Route,,,5,Unlocked,Unchecked,10/3/2025 03:41:37,22.4693 in,4.1792 in,24.5216 in,6.0698 in,4.1047 in,3.7811 in,0,,0,,0,,0,,Count,0,,0,,,,0,,0,1,Count,,No,EM 1111.pdf
KXJERRCCQBZNDPPZ,,Polygon,[5] A-0.5b-SITE PLAN AND ACCESSIBLE PATH OF TRAVEL-A-0.5b,,eddabed,11/11/2025 03:09:06,,#0080FF,Accessible Route,,,5,Unlocked,Unchecked,10/3/2025 03:42:35,22.4972 in,4.1872 in,26.5738 in,4.6069 in,8.1531 in,0.8394 in,0,,0,,0,,0,,Count,0,,0,,,,0,,0,1,Count,,No,EM 1111.pdf
LLKLKVPXIMFLTPHG,,Text Box,[5] A-0.5b-SITE PLAN AND ACCESSIBLE PATH OF TRAVEL-A-0.5b,Accessible Entrance,eddabed,11/11/2025 03:09:06,,#0080FF,Accessible Route,,,5,Unlocked,Unchecked,10/3/2025 03:42:57,24.9357 in,3.3395 in,25.7529 in,3.5097 in,1.6345 in,0.3405 in,0,,0,,0,,0,,Count,0,,0,,,,0,,0,1,Count,,No,EM 1111.pdf
LXMEVSQATZRWGGHV,,Text Box,[5] A-0.5b-SITE PLAN AND ACCESSIBLE PATH OF TRAVEL-A-0.5b,Accessible Entrance,eddabed,11/11/2025 03:09:06,,#0080FF,Accessible Route,,,5,Unlocked,Unchecked,10/3/2025 03:43:03,28.5452 in,3.7992 in,29.3624 in,3.9694 in,1.6345 in,0.3405 in,0,,0,,0,,0,,Count,0,,0,,,,0,,0,1,Count,,No,EM 1111.pdf
DZZKQGKEKQYLKRMV,,Text Box,[5] A-0.5b-SITE PLAN AND ACCESSIBLE PATH OF TRAVEL-A-0.5b,Accessible Entrance,eddabed,11/11/2025 03:09:06,,#0080FF,Accessible Route,,,5,Unlocked,Unchecked,10/3/2025 03:43:06,30.3840 in,3.9694 in,31.2012 in,4.1397 in,1.6345 in,0.3405 in,0,,0,,0,,0,,Count,0,,0,,,,0,,0,1,Count,,No,EM 1111.pdf
VSTQXRIPKXCTOREQ,,Group,[5] A-0.5b-SITE PLAN AND ACCESSIBLE PATH OF TRAVEL-A-0.5b,,eddabed,11/11/2025 16:50:21,,#FF0000,Doors,,3,5,Unlocked,Unchecked,10/3/2025 04:34:02,25.5293 in,4.6931 in,25.7840 in,5.0006 in,0.5095 in,0.6149 in,326.23,in,0,in,0,in,0,in,Count,0,sf,0,sf,,,0,cu ft,0,27.19,in,,No,EM 1111.pdf
GQLPENPXLDRFHJOQ,,Group,[5] A-0.5b-SITE PLAN AND ACCESSIBLE PATH OF TRAVEL-A-0.5b,,eddabed,11/11/2025 16:50:30,,#FF0000,Doors,,4,5,Unlocked,Unchecked,10/3/2025 04:37:06,29.0847 in,4.2477 in,29.3395 in,4.5552 in,0.5095 in,0.6149 in,326.23,in,0,in,0,in,0,in,Count,0,sf,0,sf,,,0,cu ft,0,27.19,in,,No,EM 1111.pdf
HPLFAPQYPGYVDQIQ,,Rectangle,[5] A-0.5b-SITE PLAN AND ACCESSIBLE PATH OF TRAVEL-A-0.5b,,eddabed,11/11/2025 17:17:26,,#FF0000,Doors,,5,5,Unlocked,Unchecked,10/3/2025 04:37:27,30.6493 in,4.2362 in,30.7250 in,4.5419 in,0.1514 in,0.6114 in,0,,0,,0,,0,,Count,0,,0,,,,0,,0,1,Count,,No,EM 1111.pdf
PHGNDAHJXSPQCNKB,,Text Box,[5] A-0.5b-SITE PLAN AND ACCESSIBLE PATH OF TRAVEL-A-0.5b,"✅ Front, Push   ",eddabed,11/11/2025 17:17:26,,#FF0000,Doors,,5,5,Unlocked,Unchecked,10/3/2025 04:37:27,30.7230 in,4.7596 in,30.8097 in,4.7935 in,0.1734 in,0.0678 in,0,,0,,0,,0,,Count,0,,0,,,,0,,0,1,Count,,No,EM 1111.pdf
EGJKQOWNOKPSGDEU,,Rectangle,[5] A-0.5b-SITE PLAN AND ACCESSIBLE PATH OF TRAVEL-A-0.5b,,eddabed,11/11/2025 17:17:26,,#400040,Doors,,5,5,Unlocked,Unchecked,10/3/2025 04:37:27,30.4511 in,4.2360 in,30.5509 in,4.5398 in,0.1997 in,0.6076 in,0,,0,,0,,0,,Count,0,,0,,,,0,,0,1,Count,,No,EM 1111.pdf
KERSZWPPHQHJRFVP,,Text Box,[5] A-0.5b-SITE PLAN AND ACCESSIBLE PATH OF TRAVEL-A-0.5b,"✅ Latch, push ",eddabed,11/11/2025 17:17:26,,#400040,Doors,,5,5,Unlocked,Unchecked,10/3/2025 04:37:27,30.4720 in,4.5876 in,30.5593 in,4.6257 in,0.1747 in,0.0763 in,0,,0,,0,,0,,Count,0,,0,,,,0,,0,1,Count,,No,EM 1111.pdf
HKDAEHDEXRLJXOGE,,Rectangle,[5] A-0.5b-SITE PLAN AND ACCESSIBLE PATH OF TRAVEL-A-0.5b,,eddabed,11/11/2025 17:17:26,,#400040,Doors,,5,5,Unlocked,Unchecked,10/3/2025 04:37:27,30.7984 in,4.5615 in,30.8510 in,4.6616 in,0.1052 in,0.2002 in,0,,0,,0,,0,,Count,0,,0,,,,0,,0,1,Count,,No,EM 1111.pdf
MYRIVDGGLICQIOCV,,"Front, pull",[5] A-0.5b-SITE PLAN AND ACCESSIBLE PATH OF TRAVEL-A-0.5b,54.39 in,eddabed,11/11/2025 17:23:25,,#FF0000,Doors,,5,5,Unlocked,Unchecked,10/3/2025 04:37:27,30.5002 in,4.5506 in,30.5006 in,4.4090 in,,,54.39,in,0,,0,,0,,in,0,,0,,0,in,0,,0,54.39,in,Perpend.,No,EM 1111.pdf
IIDAOGWWLTMAHZZK,,"Front, push",[5] A-0.5b-SITE PLAN AND ACCESSIBLE PATH OF TRAVEL-A-0.5b,54.39 in,eddabed,11/11/2025 17:23:05,,#FF0000,Doors,,5,5,Unlocked,Unchecked,10/3/2025 04:37:27,30.7159 in,4.8489 in,30.7164 in,4.7073 in,,,54.39,in,0,,0,,0,,in,0,,0,,0,in,0,,0,54.39,in,Perpend.,No,EM 1111.pdf
BWONHMUJNBKJDLHT,,"Pull, latch",[5] A-0.5b-SITE PLAN AND ACCESSIBLE PATH OF TRAVEL-A-0.5b,38.06 in,eddabed,11/11/2025 17:22:56,,#400040,Doors,,5,5,Unlocked,Unchecked,10/3/2025 04:37:27,30.4507 in,4.5216 in,30.5499 in,4.5220 in,,,38.06,in,0,,0,,0,,in,0,,0,,0,in,0,,0,38.06,in,"Pull, latch. ",No,EM 1111.pdf
JGQIQEYSHXKDBBOP,,"Push, latch",[5] A-0.5b-SITE PLAN AND ACCESSIBLE PATH OF TRAVEL-A-0.5b,38.04 in,eddabed,11/11/2025 17:22:49,,#400040,Doors,,5,5,Unlocked,Unchecked,10/3/2025 04:37:27,30.4508 in,4.5222 in,30.5499 in,4.5220 in,,,38.04,in,0,,0,,0,,in,0,,0,,0,in,0,,0,38.04,in,"Push, latch.",No,EM 1111.pdf
MNDTGKMBRPKHCYJY,,Architect,[5] A-0.5b-SITE PLAN AND ACCESSIBLE PATH OF TRAVEL-A-0.5b,,eddabed,11/11/2025 17:17:26,,#FF0000,Doors,,5,5,Unlocked,Unchecked,10/3/2025 04:37:27,30.7992 in,4.8510 in,30.7993 in,4.8279 in,,,0,,0,,0,,0,,Count,0,,0,,,,0,,0,1,Count,,No,EM 1111.pdf
SPFQHCCFXDLLBTZS,,"Front, pull",[5] A-0.5b-SITE PLAN AND ACCESSIBLE PATH OF TRAVEL-A-0.5b,54.39 in,eddabed,11/11/2025 17:22:35,,#FF0000,Doors,,5,5,Unlocked,Unchecked,10/3/2025 04:37:27,30.7526 in,4.5221 in,30.7531 in,4.3804 in,,,54.4,in,0,,0,,0,,in,0,,0,,0,in,0,,0,54.4,in,Perpend.,No,EM 1111.pdf
XVVVUUNNUQEUIVRA,,Text Box,[5] A-0.5b-SITE PLAN AND ACCESSIBLE PATH OF TRAVEL-A-0.5b,"✅ Hinge, pull ",eddabed,11/11/2025 17:17:26,,#400040,Doors,,5,5,Unlocked,Unchecked,10/3/2025 04:37:27,30.7895 in,4.3630 in,30.8593 in,4.3985 in,0.1396 in,0.0711 in,0,,0,,0,,0,,Count,0,,0,,,,0,,0,1,Count,,No,EM 1111.pdf
UKYHJLIMAPDCWDKG,,Architect,[5] A-0.5b-SITE PLAN AND ACCESSIBLE PATH OF TRAVEL-A-0.5b,,eddabed,11/11/2025 17:17:27,,#FF0000,Doors,,5,5,Unlocked,Unchecked,10/3/2025 04:37:27,30.8007 in,4.2949 in,30.8007 in,4.3258 in,,,0,,0,,0,,0,,Count,0,,0,,,,0,,0,1,Count,,No,EM 1111.pdf
ULGNSDHQZRBVWVSQ,,Width,[5] A-0.5b-SITE PLAN AND ACCESSIBLE PATH OF TRAVEL-A-0.5b,28.97 in,eddabed,11/11/2025 17:22:27,,#FF0000,Doors,,5,5,Unlocked,Unchecked,10/3/2025 04:37:27,30.6496 in,4.5520 in,30.7251 in,4.5521 in,,,28.97,in,0,,0,,0,,in,0,,0,,0,in,0,,0,28.97,in,Width,No,EM 1111.pdf
DWFEARQHFPUKMDNU,,"Hinge, push",[5] A-0.5b-SITE PLAN AND ACCESSIBLE PATH OF TRAVEL-A-0.5b,38.04 in,eddabed,11/11/2025 17:22:21,,#004040,Doors,,5,5,Unlocked,Unchecked,10/3/2025 04:37:27,30.8901 in,4.7643 in,30.8910 in,4.6653 in,,,38.04,in,0,,0,,0,,in,0,,0,,0,in,0,,0,38.04,in,"Hinge, push. ",No,EM 1111.pdf
NYPFCFMLGQGBSKYF,,Text Box,[5] A-0.5b-SITE PLAN AND ACCESSIBLE PATH OF TRAVEL-A-0.5b,"✅ Front, Pull   ",eddabed,11/11/2025 17:17:27,,#FF0000,Doors,,5,5,Unlocked,Unchecked,10/3/2025 04:37:27,30.7217 in,4.2872 in,30.8410 in,4.3357 in,0.2386 in,0.0970 in,0,,0,,0,,0,,Count,0,,0,,,,0,,0,1,Count,,No,EM 1111.pdf
GXMMKKSSRGMMFMRU,,Architect,[5] A-0.5b-SITE PLAN AND ACCESSIBLE PATH OF TRAVEL-A-0.5b,,eddabed,11/11/2025 17:17:27,,#400040,Doors,,5,5,Unlocked,Unchecked,10/3/2025 04:37:28,30.9061 in,4.4229 in,30.8613 in,4.4226 in,,,0,,0,,0,,0,,Count,0,,0,,,,0,,0,1,Count,,No,EM 1111.pdf
FCUSDKUXNVKSWKPV,,Text Box,[5] A-0.5b-SITE PLAN AND ACCESSIBLE PATH OF TRAVEL-A-0.5b,"✅ Hinge, push ",eddabed,11/11/2025 17:17:27,,#004040,Doors,,5,5,Unlocked,Unchecked,10/3/2025 04:37:28,30.7900 in,4.5884 in,30.8699 in,4.6223 in,0.1598 in,0.0678 in,0,,0,,0,,0,,Count,0,,0,,,,0,,0,1,Count,,No,EM 1111.pdf
FSPJQALAPQSZRPKC,,Architect,[5] A-0.5b-SITE PLAN AND ACCESSIBLE PATH OF TRAVEL-A-0.5b,,eddabed,11/11/2025 17:17:27,,#004040,Doors,,5,5,Unlocked,Unchecked,10/3/2025 04:37:28,30.9049 in,4.6388 in,30.8519 in,4.6388 in,,,0,,0,,0,,0,,Count,0,,0,,,,0,,0,1,Count,,No,EM 1111.pdf
YHPCLBMMUQHUMMDA,,Architect,[5] A-0.5b-SITE PLAN AND ACCESSIBLE PATH OF TRAVEL-A-0.5b,,eddabed,11/11/2025 17:17:27,,#400040,Doors,,5,5,Unlocked,Unchecked,10/3/2025 04:37:28,30.4584 in,4.6427 in,30.5456 in,4.6440 in,,,0,,0,,0,,0,,Count,0,,0,,,,0,,0,1,Count,,No,EM 1111.pdf
GTTIMGFUOGIUTCAP,,Text Box,[5] A-0.5b-SITE PLAN AND ACCESSIBLE PATH OF TRAVEL-A-0.5b,"✅ Latch, pull ",eddabed,11/11/2025 17:17:27,,#400040,Doors,,5,5,Unlocked,Unchecked,10/3/2025 04:37:28,30.4843 in,4.3172 in,30.5511 in,4.3510 in,0.1336 in,0.0678 in,0,,0,,0,,0,,Count,0,,0,,,,0,,0,1,Count,,No,EM 1111.pdf
HBTHCDNRGOMLEHWL,,Text Box,[5] A-0.5b-SITE PLAN AND ACCESSIBLE PATH OF TRAVEL-A-0.5b,Door,eddabed,11/11/2025 17:17:27,,#FF0000,Doors,,5,5,Unlocked,Unchecked,10/3/2025 04:37:28,30.6472 in,4.2367 in,30.7245 in,4.2853 in,0.1546 in,0.0970 in,0,,0,,0,,0,,Count,0,,0,,,,0,,0,1,Count,,No,EM 1111.pdf
DBHDIDZOHNLLWSGV,,"Hinge, push",[5] A-0.5b-SITE PLAN AND ACCESSIBLE PATH OF TRAVEL-A-0.5b,19.94 in,eddabed,11/11/2025 17:23:52,,#004040,Doors,,5,5,Unlocked,Unchecked,10/3/2025 04:37:28,30.8007 in,4.5367 in,30.8526 in,4.5369 in,,,19.94,in,0,,0,,0,,in,0,,0,,0,in,0,,0,19.94,in,"Hinge, push.",No,EM 1111.pdf
APAXIIWEKJXCJRXM,,Architect,[5] A-0.5b-SITE PLAN AND ACCESSIBLE PATH OF TRAVEL-A-0.5b,,eddabed,11/11/2025 17:17:27,,#400040,Doors,,5,5,Unlocked,Unchecked,10/3/2025 04:37:28,30.4658 in,4.3848 in,30.5530 in,4.3862 in,,,0,,0,,0,,0,,Count,0,,0,,,,0,,0,1,Count,,No,EM 1111.pdf
AATGBEDEEFWVZNAL,,Line,[5] A-0.5b-SITE PLAN AND ACCESSIBLE PATH OF TRAVEL-A-0.5b,,eddabed,11/11/2025 17:17:27,,#FF0000,Doors,,5,5,Unlocked,Unchecked,10/3/2025 04:37:28,30.7999 in,4.5253 in,30.8001 in,4.4555 in,,,0,,0,,0,,0,,Count,0,,0,,,,0,,0,1,Count,,No,EM 1111.pdf
FUTVSYLYXMMQGEWB,,Arc,[5] A-0.5b-SITE PLAN AND ACCESSIBLE PATH OF TRAVEL-A-0.5b,,eddabed,11/11/2025 17:17:27,,#FF0000,Doors,,5,5,Unlocked,Unchecked,10/3/2025 04:37:28,30.9385 in,4.3854 in,31.0748 in,4.5299 in,0.2728 in,0.2890 in,0,,0,,0,,0,,Count,0,,0,,,,0,,0,1,Count,,No,EM 1111.pdf
DRWJGJLKARVZLKLS,,Length Measurement,[5] A-0.5b-SITE PLAN AND ACCESSIBLE PATH OF TRAVEL-A-0.5b,Width 33.33 in,eddabed,11/11/2025 03:09:36,,#0080FF,Elevators,,0,5,Unlocked,Unchecked,10/3/2025 04:38:05,25.1772 in,7.5079 in,25.3296 in,7.6734 in,0.3049 in,0.3309 in,93.33,in,0,in,0,in,0,in,in,0,sf,0,sf,,,0,cu ft,0,7.78,in,Width,No,EM 1111.pdf
KTJXDIBBKRYEJZPZ,,Length Measurement,[5] A-0.5b-SITE PLAN AND ACCESSIBLE PATH OF TRAVEL-A-0.5b,Front clearance 60.00 in,eddabed,11/11/2025 03:09:36,,#0080FF,Elevators,,0,5,Unlocked,Unchecked,10/3/2025 04:40:05,25.8630 in,7.2494 in,26.0085 in,7.4148 in,0.2909 in,0.3309 in,93.33,in,0,in,0,in,0,in,in,0,sf,0,sf,,,0,cu ft,0,7.78,in,Front clearance,No,EM 1111.pdf
LPBWUBICJJCNXXDG,,Length Measurement,[5] A-0.5b-SITE PLAN AND ACCESSIBLE PATH OF TRAVEL-A-0.5b,Front clearance 60.00 in,eddabed,11/11/2025 03:09:36,,#0080FF,Elevators,,0,5,Unlocked,Unchecked,10/3/2025 04:40:18,25.3369 in,7.2029 in,25.4540 in,7.3683 in,0.2341 in,0.3309 in,93.33,in,0,in,0,in,0,in,in,0,sf,0,sf,,,0,cu ft,0,7.78,in,Front clearance,No,EM 1111.pdf
MEMOJSOGVVWYDNCA,,Length Measurement,[5] A-0.5b-SITE PLAN AND ACCESSIBLE PATH OF TRAVEL-A-0.5b,Front clearance 60.00 in,eddabed,11/11/2025 03:09:36,,#0080FF,Elevators,,0,5,Unlocked,Unchecked,10/3/2025 04:40:43,25.6523 in,7.5690 in,25.7738 in,7.7344 in,0.2430 in,0.3309 in,93.33,in,0,in,0,in,0,in,in,0,sf,0,sf,,,0,cu ft,0,7.78,in,Front clearance,No,EM 1111.pdf
ECUOCLQOMOTNTSVG,,Length Measurement,[5] A-0.5b-SITE PLAN AND ACCESSIBLE PATH OF TRAVEL-A-0.5b,Front clearance 60.00 in,eddabed,11/11/2025 03:09:36,,#0080FF,Elevators,,0,5,Unlocked,Unchecked,10/3/2025 04:43:17,26.1378 in,7.5759 in,26.2593 in,7.7413 in,0.2430 in,0.3309 in,93.33,in,0,in,0,in,0,in,in,0,sf,0,sf,,,0,cu ft,0,7.78,in,Front clearance,No,EM 1111.pdf
XXUMBPJOYVQMQYFL,,Line,[5] A-0.5b-SITE PLAN AND ACCESSIBLE PATH OF TRAVEL-A-0.5b,,Administrator,11/11/2025 03:09:47,,#FF0000,Means of Egress,,0,5,Unlocked,Unchecked,11/11/2025 03:03:22,22.4000 in,4.1500 in,24.5000 in,6.4000 in,4.2000 in,4.5000 in,0,,0,,0,,0,,Count,0,,0,,,,0,,0,1,Count,,No,EM 1111.pdf
,,[6] A-0.5c-EXIT ROUTES AND TACTILE SIGNAGE-A-0.5B (27),,,,,,,,,291,,,,,,,,,,,0,in,,,,,,,,,,,,,,,,,1,Count,,,
OCJBQKDSQNZRPERK,,Polygon,[6] A-0.5c-EXIT ROUTES AND TACTILE SIGNAGE-A-0.5B,,eddabed,11/11/2025 03:09:06,,#0080FF,Contract area,,,6,Unlocked,Unchecked,10/3/2025 03:47:05,9.5044 in,4.8643 in,13.7909 in,8.2103 in,8.5730 in,6.6920 in,0,,0,,0,,0,,Count,0,,0,,,,0,,0,1,Count,,No,EM 1111.pdf
TQAFJIIRDLGVIKOQ,,Polygon,[6] A-0.5c-EXIT ROUTES AND TACTILE SIGNAGE-A-0.5B,,eddabed,11/11/2025 03:09:06,,#0080FF,Accessible Spaces,,,6,Unlocked,Unchecked,10/3/2025 03:48:08,9.5243 in,4.8788 in,10.9280 in,5.6577 in,2.8074 in,1.5579 in,0,,0,,0,,0,,Count,0,,0,,,,0,,0,1,Count,,No,EM 1111.pdf
FVZTFENAOVRDYAQZ,,Polygon,[6] A-0.5c-EXIT ROUTES AND TACTILE SIGNAGE-A-0.5B,,eddabed,11/11/2025 03:09:06,,#0080FF,Accessible Spaces,,,6,Unlocked,Unchecked,10/3/2025 03:50:52,9.5045 in,4.8618 in,13.7850 in,8.2051 in,8.5610 in,6.6867 in,0,,0,,0,,0,,Count,0,,0,,,,0,,0,1,Count,,No,EM 1111.pdf
TKHHEQNSMTVJDOUL,,Rectangle,[6] A-0.5c-EXIT ROUTES AND TACTILE SIGNAGE-A-0.5B,,eddabed,11/11/2025 03:09:06,,#0080FF,Accessible Spaces,,,6,Unlocked,Unchecked,10/3/2025 03:51:41,13.3055 in,7.1401 in,13.9261 in,7.8889 in,1.2413 in,1.4977 in,0,,0,,0,,0,,Count,0,,0,,,,0,,0,1,Count,,No,EM 1111.pdf
KDFGTVIGZQUUCEUS,,Rectangle,[6] A-0.5c-EXIT ROUTES AND TACTILE SIGNAGE-A-0.5B,,eddabed,11/11/2025 03:09:06,,#0080FF,Accessible Spaces,,,6,Unlocked,Unchecked,10/3/2025 03:51:46,14.5992 in,7.1401 in,15.2228 in,7.8831 in,1.2471 in,1.4861 in,0,,0,,0,,0,,Count,0,,0,,,,0,,0,1,Count,,No,EM 1111.pdf
WUQUAHUOOAUXWTRN,,Rectangle,[6] A-0.5c-EXIT ROUTES AND TACTILE SIGNAGE-A-0.5B,,eddabed,11/11/2025 03:09:06,,#0080FF,Accessible Spaces,,,6,Unlocked,Unchecked,10/3/2025 03:51:50,15.8871 in,7.1459 in,16.5078 in,7.8923 in,1.2413 in,1.4928 in,0,,0,,0,,0,,Count,0,,0,,,,0,,0,1,Count,,No,EM 1111.pdf
RPYKVMKKIYMSTIUF,,Rectangle,[6] A-0.5c-EXIT ROUTES AND TACTILE SIGNAGE-A-0.5B,,eddabed,11/11/2025 03:09:06,,#0080FF,Accessible Spaces,,,6,Unlocked,Unchecked,10/3/2025 03:51:54,17.1750 in,7.9152 in,17.6203 in,8.2759 in,0.8904 in,0.7214 in,0,,0,,0,,0,,Count,0,,0,,,,0,,0,1,Count,,No,EM 1111.pdf
CQGJYTDWCLFATOLA,,Polygon,[6] A-0.5c-EXIT ROUTES AND TACTILE SIGNAGE-A-0.5B,,eddabed,11/11/2025 03:09:06,,#0080FF,Accessible Route,,,6,Unlocked,Unchecked,10/3/2025 03:57:38,13.1000 in,5.2000 in,16.1500 in,10.0000 in,6.1000 in,9.6000 in,0,,0,,0,,0,,Count,0,,0,,,,0,,0,1,Count,,No,EM 1111.pdf
PIHMDIOCBGWHGYDQ,,Length Measurement,[6] A-0.5c-EXIT ROUTES AND TACTILE SIGNAGE-A-0.5B,Front clearance 60.00 in,eddabed,11/11/2025 03:09:36,,#0080FF,Elevators,,0,6,Unlocked,Unchecked,10/3/2025 04:46:29,15.6741 in,11.4208 in,15.9254 in,11.7081 in,0.5026 in,0.5745 in,105.82,in,0,in,0,in,0,in,in,0,sf,0,sf,,,0,cu ft,0,8.82,in,Front clearance,No,EM 1111.pdf
IYNOLFNMEJQTSBGQ,,Length Measurement,[6] A-0.5c-EXIT ROUTES AND TACTILE SIGNAGE-A-0.5B,Width 43.52 in,eddabed,11/11/2025 03:09:36,,#0080FF,Elevators,,0,6,Unlocked,Unchecked,10/3/2025 04:49:03,16.7706 in,11.4398 in,17.0108 in,11.7269 in,0.4805 in,0.5743 in,103.51,in,0,in,0,in,0,in,in,0,sf,0,sf,,,0,cu ft,0,8.63,in,Width,No,EM 1111.pdf
LXQQQFNEWDEZLKPW,,Length Measurement,[6] A-0.5c-EXIT ROUTES AND TACTILE SIGNAGE-A-0.5B,Width 43.52 in,eddabed,11/11/2025 03:09:36,,#0080FF,Elevators,,0,6,Unlocked,Unchecked,10/3/2025 04:49:22,17.8594 in,12.7867 in,18.0997 in,13.0739 in,0.4805 in,0.5743 in,103.51,in,0,in,0,in,0,in,in,0,sf,0,sf,,,0,cu ft,0,8.63,in,Width,No,EM 1111.pdf
RXYWHTJDXYFRWZZE,,Length Measurement,[6] A-0.5c-EXIT ROUTES AND TACTILE SIGNAGE-A-0.5B,Width 43.52 in,eddabed,11/11/2025 03:09:36,,#0080FF,Elevators,,0,6,Unlocked,Unchecked,10/3/2025 04:49:42,15.6897 in,12.7812 in,15.9299 in,13.0683 in,0.4805 in,0.5743 in,103.51,in,0,in,0,in,0,in,in,0,sf,0,sf,,,0,cu ft,0,8.63,in,Width,No,EM 1111.pdf
QTYPMINYNIXBNYAZ,,Length Measurement,[6] A-0.5c-EXIT ROUTES AND TACTILE SIGNAGE-A-0.5B,Front clearance 60.00 in,eddabed,11/11/2025 03:09:36,,#0080FF,Elevators,,0,6,Unlocked,Unchecked,10/3/2025 04:49:49,16.1945 in,12.2092 in,16.5125 in,12.4961 in,0.6360 in,0.5739 in,123.51,in,0,in,0,in,0,in,in,0,sf,0,sf,,,0,cu ft,0,10.29,in,Front clearance,No,EM 1111.pdf
ZGRSPHGTPJGQTQMD,,Group,[6] A-0.5c-EXIT ROUTES AND TACTILE SIGNAGE-A-0.5B,,eddabed,11/11/2025 17:02:05,,#FF0000,Doors,,6,6,Unlocked,Unchecked,10/3/2025 04:51:18,11.4479 in,5.8152 in,12.0564 in,6.5122 in,1.2170 in,1.3940 in,408.68,in,0,in,0,in,0,in,Count,0,sf,0,sf,,,0,cu ft,0,34.06,in,,No,EM 1111.pdf
DANCUCNWQTBDQRXQ,,Group,[6] A-0.5c-EXIT ROUTES AND TACTILE SIGNAGE-A-0.5B,,eddabed,11/11/2025 17:05:07,,#FF0000,Doors,,250,6,Unlocked,Unchecked,10/3/2025 04:53:47,12.9851 in,6.3624 in,13.5936 in,7.0966 in,1.2170 in,1.4684 in,374.8,in,0,in,0,in,0,in,Count,0,sf,0,sf,,,0,cu ft,0,31.23,in,,No,EM 1111.pdf
NFLRLRINVASIHETC,,Group,[6] A-0.5c-EXIT ROUTES AND TACTILE SIGNAGE-A-0.5B,,eddabed,11/11/2025 16:50:51,,#FF0000,Doors,,7,6,Unlocked,Unchecked,10/3/2025 04:58:18,14.3166 in,6.3608 in,14.8991 in,7.0950 in,1.1649 in,1.4684 in,374.8,in,0,in,0,in,0,in,Count,0,sf,0,sf,,,0,cu ft,0,31.23,in,,No,EM 1111.pdf
USQLROBUBNNGMMHY,,Group,[6] A-0.5c-EXIT ROUTES AND TACTILE SIGNAGE-A-0.5B,"Pull, latch.  51.05 in",eddabed,11/11/2025 16:50:57,,#400040,Doors,,8,6,Unlocked,Unchecked,10/3/2025 04:58:19,14.4277 in,6.3599 in,15.6935 in,7.0941 in,2.5316 in,1.4684 in,575.84,in,0,in,0,in,0,in,in,0,sf,0,sf,,,0,cu ft,0,47.99,in,"Pull, latch. ",No,EM 1111.pdf
QTXLADRSUIRFDMMD,,Length Measurement,[6] A-0.5c-EXIT ROUTES AND TACTILE SIGNAGE-A-0.5B,59.94 in,eddabed,11/11/2025 03:09:36,,#0080FF,Kitchen,,,6,Unlocked,Unchecked,10/3/2025 04:59:12,17.2283 in,4.9254 in,17.5150 in,4.9254 in,,,59.94,in,0,,0,,0,,in,0,,0,,0,in,0,,0,59.94,in,Width,No,EM 1111.pdf
CKKWHKKELMIUKPSA,,Text Box,[6] A-0.5c-EXIT ROUTES AND TACTILE SIGNAGE-A-0.5B,U-shaped kitchen,eddabed,11/11/2025 03:09:36,,#000080,Kitchen,,,6,Unlocked,Unchecked,10/3/2025 04:59:40,16.2859 in,4.9377 in,16.7788 in,5.1725 in,0.9858 in,0.4694 in,0,,0,,0,,0,,Count,0,,0,,,,0,,0,1,Count,,No,EM 1111.pdf
JXAZALWIYJMPKCAE,,Length Measurement,[6] A-0.5c-EXIT ROUTES AND TACTILE SIGNAGE-A-0.5B,48.16 in,eddabed,11/11/2025 03:09:36,,#0080FF,Kitchen,,,6,Unlocked,Unchecked,10/3/2025 05:00:08,17.2283 in,5.3223 in,17.2283 in,5.0920 in,,,48.16,in,0,,0,,0,,in,0,,0,,0,in,0,,0,48.16,in,Length,No,EM 1111.pdf
QFRZBLXHIVZHGNLH,,Length Measurement,[6] A-0.5c-EXIT ROUTES AND TACTILE SIGNAGE-A-0.5B,45.65 in,eddabed,11/11/2025 03:09:36,,#0080FF,Kitchen,,,6,Unlocked,Unchecked,10/3/2025 05:05:02,16.7917 in,6.4233 in,17.0100 in,6.4233 in,,,45.65,in,0,,0,,0,,in,0,,0,,0,in,0,,0,45.65,in,Counter length,No,EM 1111.pdf
QUWMDYJEHWZOHTFJ,,Length Measurement,[6] A-0.5c-EXIT ROUTES AND TACTILE SIGNAGE-A-0.5B,39.20 in,eddabed,11/11/2025 16:51:36,,#FF0000,Doors,,11,6,Unlocked,Unchecked,10/3/2025 05:05:30,17.6867 in,7.1017 in,17.8742 in,7.1025 in,,,39.2,in,0,,0,,0,,in,0,,0,,0,in,0,,0,39.2,in,Door width,No,EM 1111.pdf
DJIUKUVKHFIRENQR,,Length Measurement,[6] A-0.5c-EXIT ROUTES AND TACTILE SIGNAGE-A-0.5B,61.68 in,eddabed,11/11/2025 03:09:06,,#0080FF,Accessible Route,,,6,Unlocked,Unchecked,10/3/2025 05:05:36,17.4717 in,7.5850 in,17.7667 in,7.5858 in,,,61.68,in,0,,0,,0,,in,0,,0,,0,in,0,,0,61.68,in,Clearance,No,EM 1111.pdf
INYWKXPUQZRODBFZ,,Group,[6] A-0.5c-EXIT ROUTES AND TACTILE SIGNAGE-A-0.5B,,eddabed,11/11/2025 16:51:14,,#400040,Doors,,9,6,Unlocked,Unchecked,10/3/2025 05:06:24,12.3856 in,7.0455 in,13.3840 in,9.4482 in,1.9969 in,4.8054 in,378.16,in,0,in,0,in,0,in,Count,0,sf,0,sf,,,0,cu ft,0,31.51,in,,No,EM 1111.pdf
81324b94-e815-a24a-8feb-36b4ecd4ef6d,,Distance Measurement,[6] A-0.5c-EXIT ROUTES AND TACTILE SIGNAGE-A-0.5B,"6'-8 3/4""",ED MACLEAN,10/7/2025 01:21:46,,#DB3425,Doors,,,6,Unlocked,Unchecked,10/7/2025 01:21:45,17.4050 in,8.6433 in,17.4079 in,8.2575 in,,,6.7231,"ft' in""",0,,0,,0,,ft,0,,0,,0,,0,,0,6.7231,"ft' in""",,No,EM 1111.pdf
967d2ca1-bbc5-404a-8c6b-95f53313249e,,Distance Measurement,[6] A-0.5c-EXIT ROUTES AND TACTILE SIGNAGE-A-0.5B,"6'-4 1/4""",ED MACLEAN,10/7/2025 01:22:07,,#DB3425,Doors,,,6,Unlocked,Unchecked,10/7/2025 01:21:58,17.4920 in,8.6433 in,17.4920 in,8.2783 in,,,6.3599,"ft' in""",0,,0,,0,,ft,0,,0,,0,,0,,0,6.3599,"ft' in""",,No,EM 1111.pdf
QIDKGSTSANISTGHU,,PolyLine,[6] A-0.5c-EXIT ROUTES AND TACTILE SIGNAGE-A-0.5B,,Administrator,11/11/2025 03:09:47,,#FF0000,Means of Egress,,0,6,Unlocked,Unchecked,11/11/2025 03:06:14,13.1500 in,5.1500 in,15.7750 in,9.9000 in,5.2500 in,9.5000 in,0,,0,,0,,0,,Count,0,,0,,,,0,,0,1,Count,,No,EM 1111.pdf
,,[7] A-0.6-BASE BUILDING ACCESSIBILITY-A-0.6A (6),,,,,,,,,0,,,,,,,,,,,,,,,,,,,,,,,,,,,,,6,Count,,,
BRHHFRPFWLIJSZVV,,,[7] A-0.6-BASE BUILDING ACCESSIBILITY-A-0.6A,,AutoCAD SHX Text,,,#FFFFFF,,,,7,Unlocked,Unchecked,,20.8889 in,9.1528 in,20.9653 in,9.2569 in,0.1528 in,0.2083 in,0,,0,,0,,0,,Count,0,,0,,,,0,,0,1,Count,,No,EM 1111.pdf
HVYUHUCKUTTDGEOU,,,[7] A-0.6-BASE BUILDING ACCESSIBILITY-A-0.6A,,AutoCAD SHX Text,,,#FFFFFF,,,,7,Unlocked,Unchecked,,23.4167 in,9.1667 in,23.4931 in,9.2708 in,0.1528 in,0.2083 in,0,,0,,0,,0,,Count,0,,0,,,,0,,0,1,Count,,No,EM 1111.pdf
PHZQVCEGZWNFWSLM,,,[7] A-0.6-BASE BUILDING ACCESSIBILITY-A-0.6A,,AutoCAD SHX Text,,,#FFFFFF,,,,7,Unlocked,Unchecked,,26.0972 in,8.4167 in,26.1736 in,8.5208 in,0.1528 in,0.2083 in,0,,0,,0,,0,,Count,0,,0,,,,0,,0,1,Count,,No,EM 1111.pdf
RUIWNCOUWIFQZKAT,,,[7] A-0.6-BASE BUILDING ACCESSIBILITY-A-0.6A,,AutoCAD SHX Text,,,#FFFFFF,,,,7,Unlocked,Unchecked,,24.7917 in,9.2361 in,24.8611 in,9.3472 in,0.1389 in,0.2222 in,0,,0,,0,,0,,Count,0,,0,,,,0,,0,1,Count,,No,EM 1111.pdf
ARDOYYDUHXTHANJQ,,,[7] A-0.6-BASE BUILDING ACCESSIBILITY-A-0.6A,,AutoCAD SHX Text,,,#FFFFFF,,,,7,Unlocked,Unchecked,,27.3194 in,9.2639 in,27.3889 in,9.3681 in,0.1389 in,0.2083 in,0,,0,,0,,0,,Count,0,,0,,,,0,,0,1,Count,,No,EM 1111.pdf
KIDWTLYCSUIKFDMH,,,[7] A-0.6-BASE BUILDING ACCESSIBILITY-A-0.6A,,AutoCAD SHX Text,,,#FFFFFF,,,,7,Unlocked,Unchecked,,22.2083 in,8.4167 in,22.2778 in,8.5208 in,0.1389 in,0.2083 in,0,,0,,0,,0,,Count,0,,0,,,,0,,0,1,Count,,No,EM 1111.pdf